date,sales_amount
2020-09-18,1024.8357076505617
2020-09-19,1181.1458376792082
2020-09-20,1289.7958709945226
2020-09-21,1254.2078677981244
2020-09-22,1018.9281337636776
2020-09-23,933.4037120973039
2020-09-24,1081.3391889772493
2020-09-25,1211.3114731177234
2020-09-26,1315.3375851748
2020-09-27,1409.3300689959497
2020-09-28,1251.0077060219803
2020-09-29,1073.2692797229986
2020-09-30,992.620173401994
2020-10-01,912.5404779320597
2020-10-02,1065.0345387501143
2020-10-03,1264.7274721107235
2020-10-04,1265.38182189501
2020-10-05,1208.3410020437473
2020-10-06,959.5880904292543
2020-10-07,813.9533148050982
2020-10-08,986.797086541193
2020-10-09,1051.9842557674995
2020-10-10,1219.8376954609062
2020-10-11,1184.2812779593633
2020-10-12,1124.1450306913791
2020-10-13,990.8409067545367
2020-10-14,830.0856337061144
2020-10-15,958.1276913594041
2020-10-16,1080.6392302029653
2020-10-17,1268.5149137892756
2020-10-18,1307.947545415562
2020-10-19,1338.1190611377588
2020-10-20,1085.4433835127147
2020-10-21,936.8369514919979
2020-10-22,1078.1701346542106
2020-10-23,1137.3125628597081
2020-10-24,1365.855095344831
2020-10-25,1292.1524511425519
2020-10-26,1206.888781162436
2020-10-27,1096.2689899907316
2020-10-28,997.3679524713682
2020-10-29,985.8249636176167
2020-10-30,1102.5837409647004
2020-10-31,1221.6997334986993
2020-11-01,1171.5912314951236
2020-11-02,1070.4997619382782
2020-11-03,879.0900141203731
2020-11-04,816.9123561590264
2020-11-05,791.8789119697075
2020-11-06,817.6555952491423
2020-11-07,1056.5707381243867
2020-11-08,1041.9592414637657
2020-11-09,905.8397610933704
2020-11-10,788.0871407873594
2020-11-11,696.9492236564486
2020-11-12,731.2734131729477
2020-11-13,804.0603873652138
2020-11-14,995.6280463938906
2020-11-15,1078.0842105024235
2020-11-16,1016.2560491598334
2020-11-17,785.6476957625616
2020-11-18,708.4286130141143
2020-11-19,717.0762391761897
2020-11-20,883.9110309292425
2020-11-21,1153.8021416687245
2020-11-22,1230.1565078413544
2020-11-23,1058.019271719372
2020-11-24,942.2972413064222
2020-11-25,802.4316791521156
2020-11-26,787.5350940533144
2020-11-27,987.6192847557022
2020-11-28,1193.1444915776801
2020-11-29,1140.8586875210442
2020-11-30,1098.5874920927452
2020-12-01,700.6286505656385
2020-12-02,749.0644397722341
2020-12-03,736.1360756115395
2020-12-04,859.9092948871556
2020-12-05,1024.8771421293272
2020-12-06,951.7050705503002
2020-12-07,927.821759661548
2020-12-08,783.2928454407939
2020-12-09,735.8945608917727
2020-12-10,684.2109050016376
2020-12-11,840.2609242288576
2020-12-12,1030.6127510022554
2020-12-13,1162.7735870671156
2020-12-14,1051.3651252212894
2020-12-15,863.7398294040192
2020-12-16,838.4154820441448
2020-12-17,887.9180300427989
2020-12-18,1119.555454839807
2020-12-19,1223.1199525218642
2020-12-20,1309.312551329691
2020-12-21,1224.014339559264
2020-12-22,1019.5740962200127
2020-12-23,1017.9957251813531
2020-12-24,1069.056652844468
2020-12-25,1222.1311298790674
2020-12-26,1371.283873274139
2020-12-27,1351.0493372419394
2020-12-28,1288.507445979269
2020-12-29,1111.0256176792107
2020-12-30,968.9017898301137
2020-12-31,1026.2802973678643
2021-01-01,1196.1085439888973
2021-01-02,1411.1438360985017
2021-01-03,1348.9968097374326
2021-01-04,1230.8507584574804
2021-01-05,1028.485487765413
2021-01-06,818.3872504564081
2021-01-07,945.0115295947634
2021-01-08,1102.5369482989586
2021-01-09,1379.4919560205433
2021-01-10,1289.3854023604385
2021-01-11,1213.35608910175
2021-01-12,1033.5390077738248
2021-01-13,881.7200516873885
2021-01-14,1050.8764580000538
2021-01-15,1203.760405488673
2021-01-16,1378.3956365054257
2021-01-17,1347.6750628544312
2021-01-18,1369.2419050124433
2021-01-19,1067.2692284820373
2021-01-20,1067.196906865309
2021-01-21,1190.9416792241543
2021-01-22,1188.9492519134556
2021-01-23,1362.6322339826472
2021-01-24,1425.919935543596
2021-01-25,1274.236090207494
2021-01-26,1030.5507356001483
2021-01-27,981.4958614246636
2021-01-28,938.3151219732042
2021-01-29,1143.498692385321
2021-01-30,1200.3572824280486
2021-01-31,1331.6279762907473
2021-02-01,1075.9432327675747
2021-02-02,895.5924527196526
2021-02-03,816.185021486013
2021-02-04,727.3285397709772
2021-02-05,934.80368896025
2021-02-06,1127.381656324946
2021-02-07,1006.9509830624645
2021-02-08,979.718963987957
2021-02-09,806.0326709259294
2021-02-10,724.6117139322486
2021-02-11,667.237880557837
2021-02-12,828.1299871076354
2021-02-13,1088.4292803393337
2021-02-14,1129.9673101472313
2021-02-15,1035.1149948881482
2021-02-16,882.6732560040097
2021-02-17,739.2029149238116
2021-02-18,838.398199566723
2021-02-19,1010.8936267893479
2021-02-20,1127.4380986377394
2021-02-21,1302.5477870374825
2021-02-22,1128.7961871734387
2021-02-23,872.4239867214565
2021-02-24,853.4299253415068
2021-02-25,803.8795735443126
2021-02-26,1038.6610460168993
2021-02-27,1201.390931553154
2021-02-28,1126.9604770663148
2021-03-01,1092.7686569483694
2021-03-02,876.247644582156
2021-03-03,773.6978933255996
2021-03-04,852.7634641185423
2021-03-05,891.0838500778052
2021-03-06,1014.2078711887135
2021-03-07,1041.968916254003
2021-03-08,937.6306473329594
2021-03-09,805.784056865849
2021-03-10,727.9931777823965
2021-03-11,777.5842969154133
2021-03-12,980.1239182086739
2021-03-13,1118.464738902147
2021-03-14,1255.243557278025
2021-03-15,1089.9789426464965
2021-03-16,1096.399852399814
2021-03-17,915.1586830898923
2021-03-18,911.329480067746
2021-03-19,1087.7421348880703
2021-03-20,1350.6304425479827
2021-03-21,1380.0858916314346
2021-03-22,1341.433813047253
2021-03-23,1174.4908762386613
2021-03-24,1053.1736067288762
2021-03-25,1062.5999237189212
2021-03-26,1190.3350212840028
2021-03-27,1400.3032898673541
2021-03-28,1499.9989355155676
2021-03-29,1351.8499754280865
2021-03-30,1094.3679980374536
2021-03-31,1043.8147923699687
2021-04-01,1078.2360227100055
2021-04-02,1155.7058218033155
2021-04-03,1348.7653375193595
2021-04-04,1368.5229585254974
2021-04-05,1188.0432133782144
2021-04-06,1079.8544629206317
2021-04-07,975.1876128118806
2021-04-08,1036.7421525360699
2021-04-09,1192.084105573423
2021-04-10,1230.9311453278833
2021-04-11,1299.0267536711708
2021-04-12,1274.0103043355489
2021-04-13,1113.4825347958372
2021-04-14,1020.2988647158492
2021-04-15,1241.8644809624725
2021-04-16,1250.4527172633327
2021-04-17,1450.7338807294425
2021-04-18,1494.4415613221547
2021-04-19,1382.9152889029685
2021-04-20,1169.7298736251382
2021-04-21,1120.1785220845647
2021-04-22,1082.898960018509
2021-04-23,1262.1703427011796
2021-04-24,1397.4803530240006
2021-04-25,1451.142863564474
2021-04-26,1436.800780203157
2021-04-27,1032.3437367366294
2021-04-28,1026.55448030448
2021-04-29,922.2474298694763
2021-04-30,1105.7960534256629
2021-05-01,1309.389949014481
2021-05-02,1265.9591820210198
2021-05-03,1070.792234349504
2021-05-04,887.3832588363889
2021-05-05,823.6628061656563
2021-05-06,769.9765132195856
2021-05-07,955.9116006653214
2021-05-08,1090.4148999119598
2021-05-09,1085.5465373629083
2021-05-10,1113.219680395799
2021-05-11,864.8558051411399
2021-05-12,628.6394498951084
2021-05-13,786.539686075715
2021-05-14,912.3070313954628
2021-05-15,1158.550906351623
2021-05-16,1130.6035991310737
2021-05-17,1072.5979681718406
2021-05-18,946.0927986336142
2021-05-19,870.8844375434246
2021-05-20,819.2893353470195
2021-05-21,1029.4947603224043
2021-05-22,1186.3229590484386
2021-05-23,1220.0773631810177
2021-05-24,1233.2458183116735
2021-05-25,988.4906141397225
2021-05-26,790.3806224651726
2021-05-27,928.2640657579148
2021-05-28,1132.6331150288133
2021-05-29,1220.4290191377027
2021-05-30,1116.2706358703074
2021-05-31,1044.3808393080426
2021-06-01,943.5797264670655
2021-06-02,723.3515048311515
2021-06-03,808.6083798606555
2021-06-04,973.6905346534475
2021-06-05,1040.9092772826189
2021-06-06,1123.0841774599985
2021-06-07,860.5597200491255
2021-06-08,807.3554806567065
2021-06-09,751.932512505502
2021-06-10,759.4397492340316
2021-06-11,1082.4993620802366
2021-06-12,1111.8709476483718
2021-06-13,1228.8488436554019
2021-06-14,1179.9123676506674
2021-06-15,1103.5782638368082
2021-06-16,883.2054134558349
2021-06-17,1082.5090999742777
2021-06-18,1210.0826274122028
2021-06-19,1342.9947614715752
2021-06-20,1476.4782457376657
2021-06-21,1373.7659245046818
2021-06-22,1174.4434921856393
2021-06-23,1109.240876998089
2021-06-24,1129.8758552506022
2021-06-25,1311.369057308662
2021-06-26,1491.0966926516887
2021-06-27,1568.0854127106998
2021-06-28,1307.748106747735
2021-06-29,1289.4466984920791
2021-06-30,962.1769268736859
2021-07-01,1075.3735914369913
2021-07-02,1253.5590951217048
2021-07-03,1380.4732791161925
2021-07-04,1361.6960359605719
2021-07-05,1264.5429271013836
2021-07-06,1070.1376234423835
2021-07-07,953.9325156563408
2021-07-08,1064.9382603981242
2021-07-09,1200.7295405993893
2021-07-10,1312.0836890301412
2021-07-11,1440.8778184286316
2021-07-12,1316.1421580100769
2021-07-13,1182.8288700243563
2021-07-14,1081.5205116521593
2021-07-15,1063.5225937579619
2021-07-16,1249.0106992859576
2021-07-17,1484.9173165299017
2021-07-18,1528.5035232912066
2021-07-19,1397.4322008749728
2021-07-20,1235.7357139071953
2021-07-21,1186.2346286610555
2021-07-22,1127.4968561717885
2021-07-23,1332.1675520493611
2021-07-24,1437.7506870997058
2021-07-25,1457.8230753899759
2021-07-26,1393.6297836816113
2021-07-27,1181.1515719170147
2021-07-28,1044.369868355238
2021-07-29,1077.7307396482474
2021-07-30,1139.056763823149
2021-07-31,1297.6539927572398
2021-08-01,1256.8054190981475
2021-08-02,1152.3407066398333
2021-08-03,930.8150496823996
2021-08-04,812.1558061813231
2021-08-05,857.9106750334677
2021-08-06,930.2894263304893
2021-08-07,1223.5570816537154
2021-08-08,1103.360890536407
2021-08-09,985.4343681018821
2021-08-10,935.441406584858
2021-08-11,817.6112681616363
2021-08-12,859.66649806189
2021-08-13,1030.4106676504296
2021-08-14,1170.4284605366024
2021-08-15,1181.1113553527518
2021-08-16,1137.617607310303
2021-08-17,941.377875941172
2021-08-18,928.871305496942
2021-08-19,921.931105614741
2021-08-20,1051.8595173422586
2021-08-21,1237.485695853292
2021-08-22,1313.2589626932559
2021-08-23,1153.039245667511
2021-08-24,959.9530840854557
2021-08-25,895.366492106018
2021-08-26,921.837786309018
2021-08-27,1026.522749916989
2021-08-28,1169.4983820133357
2021-08-29,1227.8343235010923
2021-08-30,1020.8138966488978
2021-08-31,836.0010730751194
2021-09-01,751.3063605169716
2021-09-02,807.3506269717898
2021-09-03,985.8653317168108
2021-09-04,1200.6394192368057
2021-09-05,1213.1453518945402
2021-09-06,1063.5618809412736
2021-09-07,911.2493933618761
2021-09-08,772.51360322663
2021-09-09,883.0172926594345
2021-09-10,1052.0092371757903
2021-09-11,1267.7981591333998
2021-09-12,1279.6530752906008
2021-09-13,1270.4658698115852
2021-09-14,1179.2747503467986
2021-09-15,1019.7240680699294
2021-09-16,1112.7207130415647
2021-09-17,1309.6415461849165
2021-09-18,1434.12321155646
2021-09-19,1522.6568474983835
2021-09-20,1418.0679007986885
2021-09-21,1258.2738613578867
2021-09-22,1111.3022090271613
2021-09-23,1189.982851334443
2021-09-24,1365.9542260633077
2021-09-25,1562.152915419423
2021-09-26,1565.2417066751946
2021-09-27,1503.4380973508685
2021-09-28,1169.0532223872715
2021-09-29,1127.390041151049
2021-09-30,1116.3744876597918
2021-10-01,1358.9779849657284
2021-10-02,1353.2272608100889
2021-10-03,1380.6022311920594
2021-10-04,1277.801982619154
2021-10-05,1024.8452509699155
2021-10-06,996.9815675892831
2021-10-07,1027.986285798847
2021-10-08,1237.31301069238
2021-10-09,1413.7967865720677
2021-10-10,1542.2250076088992
2021-10-11,1402.6909007077395
2021-10-12,1168.8331704547188
2021-10-13,1060.862773862899
2021-10-14,1184.679862446536
2021-10-15,1264.6051284981004
2021-10-16,1590.3691114384949
2021-10-17,1605.0885702911005
2021-10-18,1419.39450685255
2021-10-19,1184.3339410989424
2021-10-20,1225.5802074480962
2021-10-21,1182.149843303622
2021-10-22,1392.8152878954663
2021-10-23,1389.7969157378616
2021-10-24,1456.3614736164166
2021-10-25,1353.1268841695512
2021-10-26,1153.6826999253094
2021-10-27,990.7646888428162
2021-10-28,1052.2132209342824
2021-10-29,1093.2394752987577
2021-10-30,1266.010945803001
2021-10-31,1289.7864542828647
2021-11-01,1176.0280888197403
2021-11-02,990.5260355179926
2021-11-03,772.7318822959714
2021-11-04,777.5589045307789
2021-11-05,1065.8857115397616
2021-11-06,1171.0886233366075
2021-11-07,1156.3587555952954
2021-11-08,1168.0774064019897
2021-11-09,931.4511488599884
2021-11-10,888.2365295387199
2021-11-11,885.4334688331147
2021-11-12,1157.1423479984512
2021-11-13,1314.5522791754463
2021-11-14,1269.0184556585216
2021-11-15,1236.7984537805246
2021-11-16,1060.0233999871707
2021-11-17,998.5267156927158
2021-11-18,927.9523567282753
2021-11-19,1170.9217135112656
2021-11-20,1346.3447774481922
2021-11-21,1240.9277826683972
2021-11-22,1154.8851229465185
2021-11-23,928.8598063252691
2021-11-24,896.9302791575981
2021-11-25,970.8111740507378
2021-11-26,1151.2323024744471
2021-11-27,1220.7477287804436
2021-11-28,1322.2881746841826
2021-11-29,1050.3531335992318
2021-11-30,849.6987332936903
2021-12-01,816.0567627388
2021-12-02,872.5873784592816
2021-12-03,1008.3010235600151
2021-12-04,1067.7014288586904
2021-12-05,1214.742089145664
2021-12-06,1059.9606734477975
2021-12-07,1003.7629825818823
2021-12-08,903.0840248901376
2021-12-09,902.5123323808252
2021-12-10,1109.0330378250553
2021-12-11,1268.8651095000143
2021-12-12,1389.0038729177224
2021-12-13,1363.3788654377536
2021-12-14,1123.5150568578574
2021-12-15,1118.6486158387568
2021-12-16,1131.6856182561364
2021-12-17,1297.6047461130302
2021-12-18,1506.9118685363776
2021-12-19,1513.31544832049
2021-12-20,1438.691535879116
2021-12-21,1237.6980872723502
2021-12-22,1287.804762393562
2021-12-23,1225.8816416750178
2021-12-24,1337.6736122054435
2021-12-25,1528.7883240338854
2021-12-26,1537.8018556726058
2021-12-27,1409.3560652710432
2021-12-28,1262.1216279990485
2021-12-29,1145.8939360014924
2021-12-30,1106.0269334997122
2021-12-31,1247.915415621006
2022-01-01,1409.6469015697612
2022-01-02,1340.3148403364276
2022-01-03,1268.264428791508
2022-01-04,1239.2523157274013
2022-01-05,1149.0024676778435
2022-01-06,1100.4056719661453
2022-01-07,1308.6009885113895
2022-01-08,1464.7901365015223
2022-01-09,1656.753032903051
2022-01-10,1466.6410435255966
2022-01-11,1247.026911538145
2022-01-12,1113.11804496743
2022-01-13,1133.3586254116576
2022-01-14,1392.0335075145333
2022-01-15,1509.1101901170657
2022-01-16,1519.3798876597577
2022-01-17,1450.64596805739
2022-01-18,1251.4484722409688
2022-01-19,1273.045080446127
2022-01-20,1258.0706127196631
2022-01-21,1352.1838191871425
2022-01-22,1561.1385948348463
2022-01-23,1504.3723982478768
2022-01-24,1321.2534048866669
2022-01-25,1237.0634499621183
2022-01-26,1048.827389627385
2022-01-27,977.8223416269608
2022-01-28,1146.6771387252818
2022-01-29,1240.8019231542726
2022-01-30,1228.8054442504438
2022-01-31,1214.2381137061607
2022-02-01,1072.074102593233
2022-02-02,785.1473975028523
2022-02-03,913.2144848547617
2022-02-04,1005.0049468569372
2022-02-05,1170.2379763611252
2022-02-06,1208.5393950957832
2022-02-07,1095.4518233773833
2022-02-08,979.3370354146248
2022-02-09,841.3212020683031
2022-02-10,950.6919456187384
2022-02-11,1107.3374841562209
2022-02-12,1270.3304238653968
2022-02-13,1290.4810068125782
2022-02-14,1211.8999806955255
2022-02-15,1115.5039827892426
2022-02-16,1002.0555522647497
2022-02-17,970.805530846812
2022-02-18,1181.4543209525643
2022-02-19,1367.245276284391
2022-02-20,1278.2170682055958
2022-02-21,1270.9733695483
2022-02-22,1024.908716614396
2022-02-23,964.2751578168425
2022-02-24,921.0156446179225
2022-02-25,1009.863037301623
2022-02-26,1160.2914386377004
2022-02-27,1269.4017375249005
2022-02-28,1160.8379250635523
2022-03-01,921.2576001102744
2022-03-02,886.1248920774332
2022-03-03,809.9239104266704
2022-03-04,1050.833696503714
2022-03-05,1159.4584442594207
2022-03-06,1240.23162676479
2022-03-07,1185.6332334222213
2022-03-08,989.3727280029564
2022-03-09,931.0897076119525
2022-03-10,1068.1051767280078
2022-03-11,1176.0453446936988
2022-03-12,1434.733596510876
2022-03-13,1406.775690361666
2022-03-14,1412.275512786428
2022-03-15,1313.1640047776216
2022-03-16,1035.4274372946452
2022-03-17,1180.467777528018
2022-03-18,1424.1811454685374
2022-03-19,1555.736458265552
2022-03-20,1632.570578496891
2022-03-21,1480.3766672820313
2022-03-22,1341.5372788032457
2022-03-23,1217.1457654330752
2022-03-24,1314.1131432634586
2022-03-25,1413.8745232376264
2022-03-26,1561.109554387148
2022-03-27,1547.4499806234285
2022-03-28,1420.0169265092818
2022-03-29,1234.0299247899934
2022-03-30,1153.0857611253973
2022-03-31,1138.7212561876297
2022-04-01,1320.9523818475582
2022-04-02,1559.9921016317244
2022-04-03,1535.219500754875
2022-04-04,1367.5913704628126
2022-04-05,1274.4540617928403
2022-04-06,1093.2648684191333
2022-04-07,1060.9310661751147
2022-04-08,1281.887465803868
2022-04-09,1410.080559555236
2022-04-10,1540.7259074336537
2022-04-11,1467.3276547876717
2022-04-12,1392.3562162930837
2022-04-13,1230.838473238986
2022-04-14,1253.9694518561246
2022-04-15,1471.462159015838
2022-04-16,1480.7469708154786
2022-04-17,1642.3946238568012
2022-04-18,1557.053076832045
2022-04-19,1262.3979700853579
2022-04-20,1271.987490158789
2022-04-21,1252.571424203092
2022-04-22,1349.4411447707098
2022-04-23,1532.9542392970538
2022-04-24,1625.4915415251642
2022-04-25,1382.9845035676008
2022-04-26,1181.932200440027
2022-04-27,1007.527767492519
2022-04-28,996.7660067316111
2022-04-29,1209.163779226124
2022-04-30,1255.9524026294584
2022-05-01,1319.1468318723928
2022-05-02,1165.7043429474897
2022-05-03,1026.6640511629892
2022-05-04,902.5602914108325
2022-05-05,972.4782251013276
2022-05-06,1052.1575781820236
2022-05-07,1225.476507669297
2022-05-08,1237.3524597541186
2022-05-09,1167.6802357296074
2022-05-10,1049.3730162229629
2022-05-11,975.8296982882617
2022-05-12,946.8052759952017
2022-05-13,1208.8222747893928
2022-05-14,1404.452245981155
2022-05-15,1409.0495760669771
2022-05-16,1384.5581568418881
2022-05-17,1085.9595166102174
2022-05-18,958.2617210474157
2022-05-19,970.6158458112961
2022-05-20,1287.5422882656446
2022-05-21,1395.2167782056126
2022-05-22,1388.6654100656383
2022-05-23,1285.0222805937071
2022-05-24,1027.1100557041375
2022-05-25,1082.2773645521322
2022-05-26,989.6323540090083
2022-05-27,1130.20245283751
2022-05-28,1304.0969845130094
2022-05-29,1319.541545246169
2022-05-30,1190.651577295462
2022-05-31,962.3108300481532
2022-06-01,917.3844945231732
2022-06-02,1031.3030638352186
2022-06-03,1170.3444091306967
2022-06-04,1353.2939266131098
2022-06-05,1305.341799716703
2022-06-06,1195.8970999702653
2022-06-07,1091.6674225003196
2022-06-08,1021.3879450079709
2022-06-09,1142.663666668806
2022-06-10,1191.3899119972805
2022-06-11,1540.549712193816
2022-06-12,1525.5241926435597
2022-06-13,1432.7254649633758
2022-06-14,1256.0437272198662
2022-06-15,1138.3808698344994
2022-06-16,1319.5502208829996
2022-06-17,1452.6187785025145
2022-06-18,1550.32640296751
2022-06-19,1593.461271696498
2022-06-20,1533.4024991811245
2022-06-21,1456.0199871489929
2022-06-22,1243.5556357385346
2022-06-23,1209.0604859920659
2022-06-24,1415.0064206544819
2022-06-25,1555.2188135684157
2022-06-26,1457.1921892476767
2022-06-27,1465.9270355711246
2022-06-28,1269.4557111779184
2022-06-29,1195.391961595557
2022-06-30,1281.975596325401
2022-07-01,1395.6144657522227
2022-07-02,1479.0299941817784
2022-07-03,1476.2055353159717
2022-07-04,1556.0453005631457
2022-07-05,1264.2688424527885
2022-07-06,1164.3449206558996
2022-07-07,1214.1496795696507
2022-07-08,1396.5885462203262
2022-07-09,1551.8947241657615
2022-07-10,1585.3629191660434
2022-07-11,1494.1753483333111
2022-07-12,1360.493724721834
2022-07-13,1238.5644028661288
2022-07-14,1277.413743398221
2022-07-15,1479.6894002258757
2022-07-16,1618.6761982065689
2022-07-17,1741.3487502487023
2022-07-18,1416.7627366707281
2022-07-19,1417.0144142764273
2022-07-20,1298.762026579506
2022-07-21,1149.6001814207227
2022-07-22,1367.2449188631142
2022-07-23,1494.196018461391
2022-07-24,1451.154889760632
2022-07-25,1343.6142814614955
2022-07-26,1122.6063038781035
2022-07-27,1127.6829105022885
2022-07-28,1097.495060631668
2022-07-29,1245.3985012500239
2022-07-30,1352.4632863398353
2022-07-31,1280.773910406744
2022-08-01,1189.4729912777116
2022-08-02,1057.985197889727
2022-08-03,860.306000570076
2022-08-04,996.3724722087765
2022-08-05,1110.0181371014723
2022-08-06,1268.3607682919974
2022-08-07,1373.0821808254427
2022-08-08,1265.70510186105
2022-08-09,1067.5712428468917
2022-08-10,1051.6911954985403
2022-08-11,994.3529649795122
2022-08-12,1250.5312859634944
2022-08-13,1418.8440569304553
2022-08-14,1422.8803279301383
2022-08-15,1353.9395723935318
2022-08-16,1105.578061075579
2022-08-17,1106.5643723431037
2022-08-18,1086.5591184444354
2022-08-19,1219.426496937332
2022-08-20,1444.7062680292452
2022-08-21,1383.4459484324293
2022-08-22,1225.9453879669086
2022-08-23,1029.7975905769804
2022-08-24,1014.2829556037741
2022-08-25,943.7753980578411
2022-08-26,1238.6125149926872
2022-08-27,1192.205776391396
2022-08-28,1411.9194781778679
2022-08-29,1225.3693708965798
2022-08-30,1036.6147047547167
2022-08-31,910.7670477972714
2022-09-01,1006.0943651159453
2022-09-02,1154.8170127352896
2022-09-03,1386.8788407653371
2022-09-04,1398.7280070981362
2022-09-05,1318.4558012944249
2022-09-06,1148.060372464709
2022-09-07,1085.9179726854459
2022-09-08,1174.4673845030193
2022-09-09,1261.627929163343
2022-09-10,1466.8264795934545
2022-09-11,1638.8720068437385
2022-09-12,1528.1761626053
2022-09-13,1359.563820292024
2022-09-14,1280.1245514644177
2022-09-15,1349.3961179865762
2022-09-16,1470.9006165144833
2022-09-17,1620.1111371557886
2022-09-18,1707.623280582364
2022-09-19,1536.6342167198015
2022-09-20,1424.587124774296
2022-09-21,1199.8996165623273
2022-09-22,1361.8155083004733
2022-09-23,1475.549018751848
2022-09-24,1605.6491712366903
2022-09-25,1665.4156117761352
2022-09-26,1577.260104627491
2022-09-27,1358.9394302876526
2022-09-28,1098.2952431378033
2022-09-29,1158.371518513464
2022-09-30,1344.2976524001447
2022-10-01,1533.647546389839
2022-10-02,1600.8995451059773
2022-10-03,1438.00467481042
2022-10-04,1320.62607796597
2022-10-05,1178.3979504337258
2022-10-06,1239.1725706077286
2022-10-07,1371.8438424949422
2022-10-08,1568.695520330746
2022-10-09,1601.5733487963773
2022-10-10,1526.321670299799
2022-10-11,1466.057014935076
2022-10-12,1266.3972512167245
2022-10-13,1489.0511446585324
2022-10-14,1539.1551066970708
2022-10-15,1676.2020701305544
2022-10-16,1654.0326217631773
2022-10-17,1610.4385103667623
2022-10-18,1355.3151593245816
2022-10-19,1260.1813468996554
2022-10-20,1395.4476780559694
2022-10-21,1391.0292193503574
2022-10-22,1579.805303937047
2022-10-23,1494.9855782666016
2022-10-24,1389.3696163425782
2022-10-25,1276.2487037947344
2022-10-26,1020.1739512111661
2022-10-27,1155.5073269755385
2022-10-28,1234.8314324858443
2022-10-29,1309.9143232991335
2022-10-30,1394.9586752263272
2022-10-31,1295.1281370257184
2022-11-01,1100.142172807392
2022-11-02,883.0224778318848
2022-11-03,968.7417007935115
2022-11-04,1157.7900294672718
2022-11-05,1334.6236740865058
2022-11-06,1422.1648248461322
2022-11-07,1307.4885459005557
2022-11-08,1074.5967710766658
2022-11-09,1068.2271870360564
2022-11-10,1133.3279454558879
2022-11-11,1300.2426690039808
2022-11-12,1493.2078492998187
2022-11-13,1526.9683126907119
2022-11-14,1404.0766885722953
2022-11-15,1204.4940194916912
2022-11-16,1013.5673417170382
2022-11-17,1150.10771149533
2022-11-18,1285.7043436709482
2022-11-19,1433.0532379455822
2022-11-20,1380.1703076759077
2022-11-21,1266.5601669487694
2022-11-22,1184.2793843850134
2022-11-23,1006.6302711160665
2022-11-24,1068.0119933374951
2022-11-25,1180.7823181674808
2022-11-26,1329.395629864388
2022-11-27,1409.3719715171035
2022-11-28,1228.6320686533963
2022-11-29,1090.4583246666432
2022-11-30,963.8349580893357
2022-12-01,1018.0380890603159
2022-12-02,1199.3192930664502
2022-12-03,1404.9344763729468
2022-12-04,1434.6425658200076
2022-12-05,1442.0127340700874
2022-12-06,1191.6741724423805
2022-12-07,1150.544876976596
2022-12-08,1208.2139484578797
2022-12-09,1489.648797491838
2022-12-10,1612.3477040944192
2022-12-11,1718.8644013541818
2022-12-12,1507.468913173818
2022-12-13,1440.1946517864706
2022-12-14,1377.3097356259168
2022-12-15,1385.0669525691378
2022-12-16,1595.3645447545796
2022-12-17,1672.7777584487014
2022-12-18,1803.6595112917012
2022-12-19,1732.1033378855632
2022-12-20,1414.5261524340992
2022-12-21,1288.8937634903982
2022-12-22,1407.652521062474
2022-12-23,1554.8904443829224
2022-12-24,1590.9492243474358
2022-12-25,1620.6163252314345
2022-12-26,1507.1156413097492
2022-12-27,1270.755712834539
2022-12-28,1177.2289326522869
2022-12-29,1208.3956955227352
2022-12-30,1377.017268199504
2022-12-31,1574.0935128394244
2023-01-01,1633.6418857767758
2023-01-02,1601.7967090988307
2023-01-03,1313.8886786963005
2023-01-04,1319.7757438073997
2023-01-05,1314.5416077014752
2023-01-06,1495.4481497290794
2023-01-07,1703.7097168117643
2023-01-08,1666.6185155524042
2023-01-09,1645.4793571298947
2023-01-10,1469.8290897508277
2023-01-11,1382.865767743334
2023-01-12,1412.0117964237927
2023-01-13,1672.7894235167516
2023-01-14,1665.8746746859122
2023-01-15,1696.512452328094
2023-01-16,1565.9239690312854
2023-01-17,1373.9462838912334
2023-01-18,1236.3852579034535
2023-01-19,1338.34719346735
2023-01-20,1476.4310025976472
2023-01-21,1502.4182479616557
2023-01-22,1497.1405458940624
2023-01-23,1424.2633945483312
2023-01-24,1171.5504355683456
2023-01-25,1097.342653089719
2023-01-26,1092.6541393310308
2023-01-27,1145.3146089193776
2023-01-28,1441.5247114663016
2023-01-29,1483.9335818809977
2023-01-30,1251.3961848883432
2023-01-31,1089.7879195114533
2023-02-01,1020.2029922472551
2023-02-02,1069.9529533196176
2023-02-03,1254.3367117505375
2023-02-04,1492.4526100331582
2023-02-05,1437.3954181610288
2023-02-06,1314.433071501298
2023-02-07,1127.890616766903
2023-02-08,1067.0633193208462
2023-02-09,1153.6609505391375
2023-02-10,1411.9608587733503
2023-02-11,1460.2028031377035
2023-02-12,1539.9463658746731
2023-02-13,1420.1651049770157
2023-02-14,1303.674335747119
2023-02-15,1255.7845849586286
2023-02-16,1131.840673242176
2023-02-17,1278.066476535276
2023-02-18,1497.026943446604
2023-02-19,1502.3468521323457
2023-02-20,1436.9410527211774
2023-02-21,1185.4437217570567
2023-02-22,1016.7835170557554
2023-02-23,1091.9632934709894
2023-02-24,1266.407154494153
2023-02-25,1404.2930534044087
2023-02-26,1427.4372903014746
2023-02-27,1351.9699650150606
2023-02-28,1193.0527857287327
2023-03-01,1109.6820131100608
2023-03-02,1130.2775461947817
2023-03-03,1268.5360363508278
2023-03-04,1466.7268443510827
2023-03-05,1587.189659798692
2023-03-06,1408.5416987200263
2023-03-07,1325.9614083101746
2023-03-08,1211.3447238814626
2023-03-09,1301.8012969962901
2023-03-10,1549.5067109745967
2023-03-11,1677.6382909079769
2023-03-12,1731.7080429153361
2023-03-13,1571.8332761600427
2023-03-14,1517.7801578279743
2023-03-15,1414.0381252886677
2023-03-16,1533.3174147419954
2023-03-17,1566.3174217814824
2023-03-18,1744.9608187918593
2023-03-19,1777.266899571994
2023-03-20,1724.5246891602656
2023-03-21,1454.0433966229384
2023-03-22,1349.7455366213528
2023-03-23,1389.3708151576152
2023-03-24,1509.4868344383262
2023-03-25,1620.115148484936
2023-03-26,1678.5486550795447
2023-03-27,1604.6437705952496
2023-03-28,1319.4750486877965
2023-03-29,1266.0623806939186
2023-03-30,1263.465258283129
2023-03-31,1518.6442412304007
2023-04-01,1546.5829670370003
2023-04-02,1643.9648757764146
2023-04-03,1595.6509192025162
2023-04-04,1496.4751090271507
2023-04-05,1322.7646999853537
2023-04-06,1353.2255114524198
2023-04-07,1647.0907482508585
2023-04-08,1651.1650847359406
2023-04-09,1664.057855671555
2023-04-10,1696.491146558892
2023-04-11,1480.7797770071388
2023-04-12,1347.302886498119
2023-04-13,1468.50639146157
2023-04-14,1593.015862162431
2023-04-15,1695.6695316675932
2023-04-16,1680.7050591008162
2023-04-17,1658.3269509792865
2023-04-18,1448.4039568485603
2023-04-19,1274.7487368492573
2023-04-20,1380.8017925759366
2023-04-21,1360.5154769082178
2023-04-22,1463.2932291292768
2023-04-23,1513.7364969167822
2023-04-24,1409.8662316806729
2023-04-25,1225.5023183499545
2023-04-26,1071.257348521894
2023-04-27,1121.7687370703516
2023-04-28,1184.6366327656506
2023-04-29,1467.1390915561283
2023-04-30,1425.567344174786
2023-05-01,1378.021733803709
2023-05-02,1170.685273711774
2023-05-03,1076.8789379042032
2023-05-04,1132.962014703907
2023-05-05,1297.3919636710787
2023-05-06,1479.1900806553308
2023-05-07,1568.4448439166863
2023-05-08,1419.6665813687134
2023-05-09,1286.699292879228
2023-05-10,1151.6416775947132
2023-05-11,1277.3029789453506
2023-05-12,1335.327905561942
2023-05-13,1619.6151530645045
2023-05-14,1566.6176359302783
2023-05-15,1385.699861684821
2023-05-16,1283.4824680923523
2023-05-17,1125.1426921406983
2023-05-18,1227.6347786860388
2023-05-19,1295.251853203438
2023-05-20,1446.7542691165286
2023-05-21,1397.7679335689568
2023-05-22,1346.6159412443353
2023-05-23,1061.1934389455341
2023-05-24,984.046573888334
2023-05-25,1132.0568608476174
2023-05-26,1285.6231048524733
2023-05-27,1424.1576299615917
2023-05-28,1397.9267070609985
2023-05-29,1345.1863831153814
2023-05-30,1188.0332202855268
2023-05-31,1040.7349804819212
2023-06-01,1235.1260080304403
2023-06-02,1386.3234271336144
2023-06-03,1516.6271659080344
2023-06-04,1598.372057900964
2023-06-05,1530.9308279799193
2023-06-06,1276.564204758471
2023-06-07,1288.8163498497634
2023-06-08,1334.5490580197581
2023-06-09,1501.0664895876487
2023-06-10,1716.142363989467
2023-06-11,1877.3496932333637
2023-06-12,1725.493567305974
2023-06-13,1500.8442504243299
2023-06-14,1454.5949807707684
2023-06-15,1534.73825793381
2023-06-16,1663.2991391296937
2023-06-17,1768.590397008702
2023-06-18,1760.944469968682
2023-06-19,1706.7032836389928
2023-06-20,1503.108013285787
2023-06-21,1404.5468137994283
2023-06-22,1414.9791209399866
2023-06-23,1577.9786175538227
2023-06-24,1642.8935579828328
2023-06-25,1764.4711700658431
2023-06-26,1593.6647386090208
2023-06-27,1510.8162242996834
2023-06-28,1264.8230712518637
2023-06-29,1428.7542525178155
2023-06-30,1515.702004024735
2023-07-01,1640.1512310855164
2023-07-02,1700.235317428412
2023-07-03,1615.1654868717444
2023-07-04,1494.899794040949
2023-07-05,1407.938425315114
2023-07-06,1407.4120471572937
2023-07-07,1605.4122027190926
2023-07-08,1881.9228345593933
2023-07-09,1908.5068662430938
2023-07-10,1740.6826164245215
2023-07-11,1547.903984944921
2023-07-12,1439.901298558762
2023-07-13,1494.5658776857892
2023-07-14,1555.7979875198841
2023-07-15,1732.6626152894346
2023-07-16,1678.914164553249
2023-07-17,1648.8389987969433
2023-07-18,1459.7066107052478
2023-07-19,1265.121782784836
2023-07-20,1375.7832059644238
2023-07-21,1361.3453571007706
2023-07-22,1475.9243195266051
2023-07-23,1571.0074071082893
2023-07-24,1478.6742057304361
2023-07-25,1315.154819669467
2023-07-26,1082.0329172274392
2023-07-27,1184.2117982221546
2023-07-28,1276.0895904528215
2023-07-29,1421.8547012236083
2023-07-30,1513.979222780479
2023-07-31,1399.1490950295674
2023-08-01,1122.8609527791668
2023-08-02,1179.1118313048462
2023-08-03,1227.0752559530022
2023-08-04,1298.8399601618844
2023-08-05,1522.5885572081706
2023-08-06,1582.181315879637
2023-08-07,1477.2667380070266
2023-08-08,1276.252488298676
2023-08-09,1172.527112902222
2023-08-10,1250.9339696907296
2023-08-11,1471.2687349573218
2023-08-12,1596.6167043184491
2023-08-13,1586.3471838682738
2023-08-14,1528.6461275952586
2023-08-15,1164.4074276648148
2023-08-16,1243.8520493814617
2023-08-17,1123.9615158050633
2023-08-18,1334.0055462825198
2023-08-19,1437.0726385111718
2023-08-20,1452.1364671025967
2023-08-21,1453.4126893619161
2023-08-22,1187.495938678879
2023-08-23,1112.17248525319
2023-08-24,1127.051220551386
2023-08-25,1309.8009458089073
2023-08-26,1450.9277718967105
2023-08-27,1431.0616233949008
2023-08-28,1451.010632928421
2023-08-29,1221.6046694653398
2023-08-30,1082.938161135333
2023-08-31,1204.1137071319122
2023-09-01,1485.7775167066268
2023-09-02,1640.3500161831507
2023-09-03,1650.718364544014
2023-09-04,1574.1720076797944
2023-09-05,1432.732750096791
2023-09-06,1473.2968327239314
2023-09-07,1453.3084152693489
2023-09-08,1634.763613568712
2023-09-09,1839.7907027187127
2023-09-10,1853.0301658758121
2023-09-11,1729.4350373384445
2023-09-12,1563.7876329305584
2023-09-13,1462.0015862600626
2023-09-14,1498.2704957339613
2023-09-15,1685.0545082699543
2023-09-16,1796.6997662705667
2023-09-17,1856.0634055009516
2023-09-18,1692.3818597253
2023-09-19,1511.3581959956941
2023-09-20,1284.1216597555433
2023-09-21,1454.3815180983781
2023-09-22,1570.0438949311704
2023-09-23,1749.3131354033487
2023-09-24,1586.6112731465482
2023-09-25,1724.4558606235064
2023-09-26,1439.9422644304407
2023-09-27,1398.1763663226784
2023-09-28,1336.875321070702
2023-09-29,1586.4249790947379
2023-09-30,1672.569994098685
2023-10-01,1747.633687928522
2023-10-02,1782.3770091302422
2023-10-03,1519.901814557031
2023-10-04,1447.779854139463
2023-10-05,1533.197471441982
2023-10-06,1682.6575636027992
2023-10-07,1830.4618161214883
2023-10-08,1884.7537667459735
2023-10-09,1879.158535014454
2023-10-10,1578.6580760530337
2023-10-11,1474.756094511267
2023-10-12,1542.5344881556014
2023-10-13,1683.871891383895
2023-10-14,1822.506046651392
2023-10-15,1808.4536374499774
2023-10-16,1583.1805127995926
2023-10-17,1518.5919661967273
2023-10-18,1240.57776127524
2023-10-19,1320.8295660882573
2023-10-20,1394.4934236115068
2023-10-21,1557.389061976877
2023-10-22,1590.396694796859
2023-10-23,1460.0102405851167
2023-10-24,1273.7124517645261
2023-10-25,1211.7744831297655
2023-10-26,1183.7558815789544
2023-10-27,1301.3423870315073
2023-10-28,1518.811747446791
2023-10-29,1573.645759236985
2023-10-30,1353.2841145875616
2023-10-31,1282.7941009929186
2023-11-01,1193.9404884874275
2023-11-02,1198.304072644776
2023-11-03,1454.6478737772673
2023-11-04,1550.7881903400973
2023-11-05,1618.151156071256
2023-11-06,1508.098099492764
2023-11-07,1354.526517360052
2023-11-08,1198.2090820217932
2023-11-09,1223.6938924400397
2023-11-10,1532.2261023253623
2023-11-11,1563.340996182886
2023-11-12,1588.1308582718798
2023-11-13,1412.148997732143
2023-11-14,1302.1049606602378
2023-11-15,1145.603878199835
2023-11-16,1317.292503934904
2023-11-17,1426.6111402850247
2023-11-18,1483.2741867560019
2023-11-19,1655.6324239420687
2023-11-20,1472.953217810082
2023-11-21,1226.245005673088
2023-11-22,1005.2381268779122
2023-11-23,1283.5601856526698
2023-11-24,1260.6722065809324
2023-11-25,1413.752460382728
2023-11-26,1599.9650972384018
2023-11-27,1581.2640636563988
2023-11-28,1377.6201806757153
2023-11-29,1254.5260843090887
2023-11-30,1323.5413968335565
2023-12-01,1523.5738595919042
2023-12-02,1706.908563879986
2023-12-03,1753.3337477760376
2023-12-04,1667.008502571282
2023-12-05,1513.9690608327846
2023-12-06,1397.3245763407058
2023-12-07,1482.2919299412029
2023-12-08,1586.6928418827627
2023-12-09,1836.9848897109864
2023-12-10,1840.5968729538056
2023-12-11,1731.4096042400693
2023-12-12,1622.2156404702791
2023-12-13,1570.542885002928
2023-12-14,1577.6530139636125
2023-12-15,1598.64159437444
2023-12-16,1770.7611579378927
2023-12-17,1891.0955318119875
2023-12-18,1671.2860115190274
2023-12-19,1520.4393201641374
2023-12-20,1436.8789024407295
2023-12-21,1387.3664009684844
2023-12-22,1587.7455577930573
2023-12-23,1665.5339304365568
2023-12-24,1737.608026868756
2023-12-25,1675.8947872613762
2023-12-26,1410.7568224911045
2023-12-27,1411.7055174512511
2023-12-28,1437.8685464706946
2023-12-29,1635.929422553616
2023-12-30,1790.8290057927788
2023-12-31,1902.521746617438
2024-01-01,1748.6811044436436
2024-01-02,1563.0772171061024
2024-01-03,1496.6201231854138
2024-01-04,1568.1025232314084
2024-01-05,1708.4480269559704
2024-01-06,1869.3464643090879
2024-01-07,1871.5274550440529
2024-01-08,1761.377914743174
2024-01-09,1542.2101622673904
2024-01-10,1578.2917686408118
2024-01-11,1449.4665855418277
2024-01-12,1611.5734240589552
2024-01-13,1741.4079261962884
2024-01-14,1832.716260965184
2024-01-15,1635.15685038308
2024-01-16,1507.9214182417238
2024-01-17,1272.8344247403634
2024-01-18,1329.2210767990616
2024-01-19,1401.892779218925
2024-01-20,1682.027193796581
2024-01-21,1532.2017425429701
2024-01-22,1481.0913942801217
2024-01-23,1310.4170474053003
2024-01-24,1182.5802845020842
2024-01-25,1187.3499884275552
2024-01-26,1347.1805066210886
2024-01-27,1517.1739715159283
2024-01-28,1554.9536889448273
2024-01-29,1514.1019980561855
2024-01-30,1417.0472851333113
2024-01-31,1186.1188216886237
2024-02-01,1200.4365367081662
2024-02-02,1436.9410198495884
2024-02-03,1741.6689634066454
2024-02-04,1624.2072459903284
2024-02-05,1648.6873499692128
2024-02-06,1484.5471607522418
2024-02-07,1268.8281876106153
2024-02-08,1364.0141556988103
2024-02-09,1570.173047330656
2024-02-10,1619.5552518215588
2024-02-11,1657.2787690890693
2024-02-12,1517.952947063311
2024-02-13,1308.6598150174345
2024-02-14,1203.5390318010213
2024-02-15,1197.9874250551438
2024-02-16,1402.450030003248
2024-02-17,1505.3231352481614
2024-02-18,1583.1935227318932
2024-02-19,1377.6757372543668
2024-02-20,1294.391707914186
2024-02-21,1211.5006682298476
2024-02-22,1113.528200365901
2024-02-23,1397.789378798348
2024-02-24,1611.0311883878262
2024-02-25,1546.4336760867227
2024-02-26,1605.0191038081027
2024-02-27,1394.9208624566058
2024-02-28,1259.364250088634
2024-02-29,1361.1787803453933
2024-03-01,1579.9426325921288
2024-03-02,1743.8856092744243
2024-03-03,1836.375530677857
2024-03-04,1684.0489822898205
2024-03-05,1591.1301306676817
2024-03-06,1426.451122065558
2024-03-07,1548.8435321004906
2024-03-08,1679.7706415528758
2024-03-09,1854.0610943080967
2024-03-10,1996.0330125432242
2024-03-11,1880.7703836583903
2024-03-12,1679.0389604129086
2024-03-13,1477.9327085561072
2024-03-14,1544.4103546462532
2024-03-15,1763.9616023407625
2024-03-16,1851.9539812208025
2024-03-17,1984.016141876871
2024-03-18,1764.3208143497782
2024-03-19,1566.6180369959004
2024-03-20,1421.138963627784
2024-03-21,1472.2179803002712
2024-03-22,1607.675865938829
2024-03-23,1803.893006026999
2024-03-24,1855.3800900758076
2024-03-25,1664.0909808582787
2024-03-26,1470.7594165572
2024-03-27,1347.8513308881106
2024-03-28,1516.7686437537864
2024-03-29,1607.5291213562366
2024-03-30,1727.4813585973397
2024-03-31,1909.4880932196218
2024-04-01,1922.1814147499956
2024-04-02,1637.8409861386642
2024-04-03,1583.6733236284251
2024-04-04,1593.1606439424627
2024-04-05,1745.4365496647213
2024-04-06,1953.3920267100084
2024-04-07,1927.6485170931521
2024-04-08,1838.6939862769987
2024-04-09,1654.53710547313
2024-04-10,1479.0663877554957
2024-04-11,1578.8849540009749
2024-04-12,1651.6444542153597
2024-04-13,1750.993947269549
2024-04-14,1824.3691101580719
2024-04-15,1613.5948602345145
2024-04-16,1455.5572975028324
2024-04-17,1315.6265819819243
2024-04-18,1381.0190627489212
2024-04-19,1481.5688016272934
2024-04-20,1591.1414786834396
2024-04-21,1654.1279574106422
2024-04-22,1561.222525525592
2024-04-23,1337.4201286289701
2024-04-24,1197.9431654898608
2024-04-25,1171.1438825656578
2024-04-26,1344.791867338633
2024-04-27,1547.8537169347676
2024-04-28,1583.071715790326
2024-04-29,1510.1565146205
2024-04-30,1364.4651908657413
2024-05-01,1296.2224865311935
2024-05-02,1320.8943359395917
2024-05-03,1520.0727312905906
2024-05-04,1668.425858255562
2024-05-05,1615.5974650611674
2024-05-06,1566.6792950735119
2024-05-07,1436.9425055918082
2024-05-08,1275.8914277237213
2024-05-09,1401.8138052494025
2024-05-10,1598.1133330635134
2024-05-11,1729.2070428052639
2024-05-12,1684.0041328960826
2024-05-13,1646.9179031105652
2024-05-14,1391.0755655963046
2024-05-15,1243.1413029636135
2024-05-16,1253.1398759886283
2024-05-17,1411.7624650520856
2024-05-18,1552.9065493415308
2024-05-19,1611.6306143651602
2024-05-20,1498.8603400719858
2024-05-21,1317.6158048389107
2024-05-22,1235.8730541080672
2024-05-23,1321.6830166206796
2024-05-24,1480.1895981116202
2024-05-25,1533.4819917250175
2024-05-26,1541.3337114029637
2024-05-27,1633.6698522663019
2024-05-28,1373.9101916376744
2024-05-29,1353.5401272598847
2024-05-30,1376.584788238471
2024-05-31,1533.0504704001933
2024-06-01,1837.322030592004
2024-06-02,1915.6797036407602
2024-06-03,1766.8205141456128
2024-06-04,1515.224015985418
2024-06-05,1527.903775881554
2024-06-06,1627.6203764716415
2024-06-07,1699.9561655743116
2024-06-08,1944.2075128978834
2024-06-09,1973.0786688518529
2024-06-10,1890.53057406363
2024-06-11,1686.1666488923063
2024-06-12,1512.388493213166
2024-06-13,1646.1994450004272
2024-06-14,1720.0058094628457
2024-06-15,1867.4956010285339
2024-06-16,1845.6308081082345
2024-06-17,1747.8354133278133
2024-06-18,1539.9939348184255
2024-06-19,1457.704795191239
2024-06-20,1583.948934340375
2024-06-21,1582.9566676214044
2024-06-22,1727.6780674684685
2024-06-23,1924.588253940221
2024-06-24,1739.8388250935632
2024-06-25,1553.8472462921432
2024-06-26,1544.1754749042188
2024-06-27,1515.4808272534895
2024-06-28,1809.4905264976994
2024-06-29,1924.7666196862933
2024-06-30,1920.7751521529342
2024-07-01,1958.9938870949638
2024-07-02,1659.1023224375003
2024-07-03,1626.98510774181
2024-07-04,1648.4098139200391
2024-07-05,1855.5894196059423
2024-07-06,2021.0489672651754
2024-07-07,1974.5638617085497
2024-07-08,1813.765266362051
2024-07-09,1683.108801266473
2024-07-10,1496.2082311627985
2024-07-11,1644.1259570018692
2024-07-12,1678.6721243737481
2024-07-13,1780.0887035401781
2024-07-14,1815.3915582991676
2024-07-15,1599.7758698739638
2024-07-16,1415.141113570476
2024-07-17,1387.5561429808045
2024-07-18,1308.0533286101556
2024-07-19,1423.1114300619545
2024-07-20,1640.8834432032343
2024-07-21,1698.6366394897238
2024-07-22,1558.4612235606605
2024-07-23,1394.867202469869
2024-07-24,1199.707102880954
2024-07-25,1210.0211697306697
2024-07-26,1521.2457873256649
2024-07-27,1598.2244970823906
2024-07-28,1654.6027126288677
2024-07-29,1641.0263464293319
2024-07-30,1445.1886329652673
2024-07-31,1348.0248265728624
2024-08-01,1487.061918919773
2024-08-02,1516.0903785714413
2024-08-03,1761.573962909156
2024-08-04,1764.1360046911402
2024-08-05,1670.5604420370814
2024-08-06,1560.438869868254
2024-08-07,1398.0203196903421
2024-08-08,1431.5547479742058
2024-08-09,1604.9584696613047
2024-08-10,1677.2398030916786
2024-08-11,1678.0603965830007
2024-08-12,1544.3856777511328
2024-08-13,1309.3170557326155
2024-08-14,1387.4315287889408
2024-08-15,1254.7896836658024
2024-08-16,1444.3168616646926
2024-08-17,1590.0803013781754
2024-08-18,1653.8412595917766
2024-08-19,1571.2343091742748
2024-08-20,1404.6891037205858
2024-08-21,1233.807994079172
2024-08-22,1307.419958225631
2024-08-23,1504.9200402473662
2024-08-24,1657.406374965105
2024-08-25,1814.9604191872036
2024-08-26,1679.7868188563489
2024-08-27,1549.161570338867
2024-08-28,1469.045666101059
2024-08-29,1564.8873377288944
2024-08-30,1702.364124692334
2024-08-31,1813.6915113540874
2024-09-01,1963.2697154514087
2024-09-02,1825.1922306190972
2024-09-03,1676.4244478885446
2024-09-04,1638.1595402655225
2024-09-05,1718.8800501600554
2024-09-06,1819.1672483211582
2024-09-07,1990.0969750666754
2024-09-08,2094.3160299972037
2024-09-09,1905.2092341620537
2024-09-10,1838.7653796481286
2024-09-11,1615.4575153250353
2024-09-12,1522.9583027318072
2024-09-13,1789.5920616346118
2024-09-14,1912.163288432275
2024-09-15,1982.1264472733947
2024-09-16,1830.8770827992987
2024-09-17,1607.068582670047
2024-09-18,1437.9597616450515
2024-09-19,1524.164714479059
2024-09-20,1648.8942672272674
2024-09-21,1822.8147282015484
2024-09-22,1927.3732128540034
2024-09-23,1883.7800531587386
2024-09-24,1659.5531007074344
2024-09-25,1486.7786142648322
2024-09-26,1623.4843268067661
2024-09-27,1833.766053027003
2024-09-28,1915.4927404704865
2024-09-29,1992.0669017798953
2024-09-30,1903.1064230401978
2024-10-01,1698.2747071690683
2024-10-02,1666.6703697181492
2024-10-03,1667.519100281049
2024-10-04,1847.0141821995344
2024-10-05,1929.4002084913943
2024-10-06,1977.2025285450372
2024-10-07,1909.2132067269367
2024-10-08,1659.0916257277015
2024-10-09,1630.6159503134659
2024-10-10,1534.9277011142528
2024-10-11,1692.6531699687728
2024-10-12,1853.5982477258342
2024-10-13,1743.8531813856457
2024-10-14,1588.665319612951
2024-10-15,1398.8919155369595
2024-10-16,1404.8384108563282
2024-10-17,1330.9282244768638
2024-10-18,1625.0249224356755
2024-10-19,1611.950214949937
2024-10-20,1679.3804068690906
2024-10-21,1635.1542605240022
2024-10-22,1485.4907853992324
2024-10-23,1384.9980450258527
2024-10-24,1389.661568832944
2024-10-25,1548.6257678904926
2024-10-26,1697.581874037907
2024-10-27,1761.1739768270925
2024-10-28,1602.8017913948006
2024-10-29,1431.9597774795573
2024-10-30,1379.4542419304162
2024-10-31,1422.8212115396027
2024-11-01,1575.5847066141187
2024-11-02,1796.9158839453562
2024-11-03,1852.5353722042726
2024-11-04,1701.4197375782908
2024-11-05,1594.144319610482
2024-11-06,1348.3666514413082
2024-11-07,1424.7142824072282
2024-11-08,1542.7104761141113
2024-11-09,1627.505212222519
2024-11-10,1740.1313868419213
2024-11-11,1614.531454498236
2024-11-12,1507.9329431358924
2024-11-13,1342.3018493058778
2024-11-14,1287.2343542029473
2024-11-15,1579.6897472647158
2024-11-16,1700.333772603844
2024-11-17,1707.1916174025737
2024-11-18,1563.3251690761356
2024-11-19,1362.6291878533013
2024-11-20,1297.9768682376537
2024-11-21,1428.2926262835165
2024-11-22,1647.1343991464482
2024-11-23,1812.5664799260303
2024-11-24,1778.434883866981
2024-11-25,1669.420754087963
2024-11-26,1590.5851986951131
2024-11-27,1418.602839702715
2024-11-28,1592.5355850417902
2024-11-29,1754.2171320122939
2024-11-30,1920.794655896607
2024-12-01,1925.6642056272165
2024-12-02,1941.519232020547
2024-12-03,1729.845581026502
2024-12-04,1599.2812179291238
2024-12-05,1557.554711395661
2024-12-06,1856.3437317596229
2024-12-07,2098.6290257251735
2024-12-08,2123.8738195968726
2024-12-09,1898.810355825825
2024-12-10,1704.7107137072412
2024-12-11,1635.246316619602
2024-12-12,1585.0698611953842
2024-12-13,1791.259116754506
2024-12-14,1956.7539866147197
2024-12-15,2006.2039601118674
2024-12-16,1821.9676227613088
2024-12-17,1636.6302696325042
2024-12-18,1491.5279111317755
2024-12-19,1533.140424811131
2024-12-20,1723.5811086720573
2024-12-21,1917.1237311000189
2024-12-22,1993.603342934682
2024-12-23,1812.644521398298
2024-12-24,1768.8464794964552
2024-12-25,1588.5091764698925
2024-12-26,1655.9302665526636
2024-12-27,1791.6854543044574
2024-12-28,1878.3669102261583
2024-12-29,2094.213566803636
2024-12-30,1987.345762393832
2024-12-31,1767.8292538519222
2025-01-01,1677.727206698922
2025-01-02,1734.8986734648286
2025-01-03,1778.7116771125648
2025-01-04,1973.4339728201244
2025-01-05,2060.446656498468
2025-01-06,1828.0027568898627
2025-01-07,1706.5849380419863
2025-01-08,1487.891583290079
2025-01-09,1587.804585378254
2025-01-10,1688.2507845926687
2025-01-11,1734.82604036325
2025-01-12,1882.5820116167306
2025-01-13,1651.4290971415483
2025-01-14,1448.835867516148
2025-01-15,1369.3607547592817
2025-01-16,1437.6109781990926
2025-01-17,1472.4356565092753
2025-01-18,1674.047997327871
2025-01-19,1727.1288715939606
2025-01-20,1632.8253660705045
2025-01-21,1438.3842276397531
2025-01-22,1311.7030284753816
2025-01-23,1339.1072831428837
2025-01-24,1555.3268733056016
2025-01-25,1669.4601355456934
2025-01-26,1631.9328367183555
2025-01-27,1707.6816565745476
2025-01-28,1572.458990537135
2025-01-29,1313.9949840150114
2025-01-30,1430.823726420418
2025-01-31,1676.1183771981646
2025-02-01,1908.4560483875848
2025-02-02,1845.6783623292997
2025-02-03,1696.8516132122918
2025-02-04,1543.9455687745938
2025-02-05,1503.9522394548817
2025-02-06,1429.317535763383
2025-02-07,1563.9365953190888
2025-02-08,1720.9394081511766
2025-02-09,1720.5916831863242
2025-02-10,1651.3779164895504
2025-02-11,1539.634471683485
2025-02-12,1355.4088222014434
2025-02-13,1357.4315964171005
2025-02-14,1507.7556769571547
2025-02-15,1600.7383549205476
2025-02-16,1766.4441465578504
2025-02-17,1619.6932345548637
2025-02-18,1455.202495043509
2025-02-19,1534.3217368168139
2025-02-20,1450.9068818433861
2025-02-21,1580.8789035830941
2025-02-22,1782.3706382722585
2025-02-23,1930.4631948941023
2025-02-24,1802.188351592469
2025-02-25,1582.7501927468613
2025-02-26,1623.1498091875726
2025-02-27,1611.2542096256843
2025-02-28,1920.82552237629
2025-03-01,2060.2129254025217
2025-03-02,2041.112415590972
2025-03-03,2033.515385812423
2025-03-04,1808.8091189228442
2025-03-05,1744.6176689420995
2025-03-06,1765.0202704522706
2025-03-07,1850.7627657174903
2025-03-08,2009.4445303798416
2025-03-09,2120.8024932160392
2025-03-10,1931.0664948360331
2025-03-11,1739.2644643356475
2025-03-12,1588.0441673135924
2025-03-13,1680.4136276185718
2025-03-14,1904.6403712330348
2025-03-15,1892.2918163311958
2025-03-16,1975.8255831007884
2025-03-17,1930.4089296281554
2025-03-18,1679.0842545892003
2025-03-19,1597.9141954518518
2025-03-20,1564.8495294352322
2025-03-21,1803.2349631949824
2025-03-22,1939.3780614990196
2025-03-23,2049.729252398142
2025-03-24,1966.565298342741
2025-03-25,1879.1828223048062
2025-03-26,1686.7914530570408
2025-03-27,1728.4000066663546
2025-03-28,1892.3622908940326
2025-03-29,2033.1641454712737
2025-03-30,2115.0670433941705
2025-03-31,1980.109505916872
2025-04-01,1830.440003333058
2025-04-02,1775.7927524862712
2025-04-03,1689.5759942683073
2025-04-04,1939.9446873192794
2025-04-05,2087.400339010606
2025-04-06,2032.453085380592
2025-04-07,1798.7982411992955
2025-04-08,1672.9688578483897
2025-04-09,1630.1439767108693
2025-04-10,1571.9536081679994
2025-04-11,1648.681672119205
2025-04-12,1799.9174609586855
2025-04-13,1877.828960988543
2025-04-14,1729.669112492921
2025-04-15,1495.0249736211142
2025-04-16,1362.64905326318
2025-04-17,1386.7029925814336
2025-04-18,1507.9076481859313
2025-04-19,1787.267994177157
2025-04-20,1729.6933459285995
2025-04-21,1703.4040206331965
2025-04-22,1553.7595067075279
2025-04-23,1431.2135022089774
2025-04-24,1412.502816092733
2025-04-25,1626.317743237235
2025-04-26,1777.6017436997597
2025-04-27,1788.3078570120147
2025-04-28,1756.464157284938
2025-04-29,1520.8288999159818
2025-04-30,1541.5053942052277
2025-05-01,1504.9939518584188
2025-05-02,1698.703410270994
2025-05-03,1859.6142336490705
2025-05-04,1867.9457952704092
2025-05-05,1795.4090256196296
2025-05-06,1559.102519348174
2025-05-07,1505.9917727187442
2025-05-08,1419.661364214655
2025-05-09,1634.4597158130186
2025-05-10,1866.0157266784154
2025-05-11,1742.8671181413838
2025-05-12,1637.497244949749
2025-05-13,1512.589534710467
2025-05-14,1379.8395237466525
2025-05-15,1422.9418979420184
2025-05-16,1586.4214044381574
2025-05-17,1754.8358942548086
2025-05-18,1826.7093701851625
2025-05-19,1697.7013682855354
2025-05-20,1510.242759375483
2025-05-21,1470.409084611483
2025-05-22,1596.526705408006
2025-05-23,1680.1209833388073
2025-05-24,1825.1256073269649
2025-05-25,1999.518148211783
2025-05-26,1861.628978181072
2025-05-27,1616.1941688399995
2025-05-28,1687.8436608864295
2025-05-29,1683.4583768430816
2025-05-30,1884.7480105769705
2025-05-31,2080.8886900286234
2025-06-01,2126.628835396462
2025-06-02,2053.872878969455
2025-06-03,1827.8439503393402
2025-06-04,1767.2500826225933
2025-06-05,1763.1674171632778
2025-06-06,1961.6266986154808
2025-06-07,2100.8839896638606
2025-06-08,2048.6726100209617
2025-06-09,2026.7299380225288
2025-06-10,1756.6414077072138
2025-06-11,1700.4477273792268
2025-06-12,1702.9426435163432
2025-06-13,1920.6417984590257
2025-06-14,1964.2524742748096
2025-06-15,1989.971345733352
2025-06-16,1895.0792885730875
2025-06-17,1707.775900179551
2025-06-18,1658.7774640659288
2025-06-19,1584.0682304881727
2025-06-20,1779.1153063673119
2025-06-21,1947.863769661414
2025-06-22,2102.3506590450093
2025-06-23,2048.219253549042
2025-06-24,1800.22661715135
2025-06-25,1704.4802678039923
2025-06-26,1769.2098365462266
2025-06-27,1991.980527817645
2025-06-28,2052.5863576377733
2025-06-29,2154.437309242425
2025-06-30,2083.7607807246864
2025-07-01,1882.6068678847307
2025-07-02,1750.1933664884853
2025-07-03,1816.0672164666132
2025-07-04,1769.447123569035
2025-07-05,2073.0614408329434
2025-07-06,2019.8264856751669
2025-07-07,1824.8122570763198
2025-07-08,1738.493663040942
2025-07-09,1642.59110166736
2025-07-10,1574.8385105779328
2025-07-11,1755.8640869556648
2025-07-12,1917.223035688968
2025-07-13,1915.7174404439118
2025-07-14,1801.9537497641948
2025-07-15,1565.7359320893802
2025-07-16,1410.8737451049403
2025-07-17,1356.9940193914326
2025-07-18,1577.2602378725398
2025-07-19,1704.4582027496008
2025-07-20,1898.732514148676
2025-07-21,1681.8833582058185
2025-07-22,1535.0974813226333
2025-07-23,1462.4692636569273
2025-07-24,1491.375513614418
2025-07-25,1746.6282286162705
2025-07-26,1803.171645088038
2025-07-27,1897.6158496425699
2025-07-28,1755.6413049050607
2025-07-29,1563.7595829029872
2025-07-30,1498.4475253043076
2025-07-31,1569.8577402003411
2025-08-01,1707.0488814212945
2025-08-02,1847.081158088145
2025-08-03,1843.3977460441215
2025-08-04,1791.67636826394
2025-08-05,1534.8301728261663
2025-08-06,1525.77430953772
2025-08-07,1515.326877057818
2025-08-08,1579.2558543276425
2025-08-09,1778.2343936454017
2025-08-10,1781.415956878353
2025-08-11,1715.8368124645099
2025-08-12,1585.5222406327237
2025-08-13,1312.4629326223207
2025-08-14,1450.777504463512
2025-08-15,1598.1573336237796
2025-08-16,1805.6025450361328
2025-08-17,1835.5095505328325
2025-08-18,1697.6911202354977
2025-08-19,1568.4669864498633
2025-08-20,1462.5424789493131
2025-08-21,1623.6171801632618
2025-08-22,1757.9818075694807
2025-08-23,2040.0348121613022
2025-08-24,2012.2542793698567
2025-08-25,1902.391252511206
2025-08-26,1717.4261410801225
2025-08-27,1620.8789654542636
2025-08-28,1693.1320301173016
2025-08-29,1960.710158626103
2025-08-30,2143.351265695258
2025-08-31,2086.980036692772
2025-09-01,2107.354129287667
2025-09-02,1865.081023811518
2025-09-03,1784.295564768003
2025-09-04,1888.361358559274
2025-09-05,1998.0217338318755
2025-09-06,2082.8291758541272
2025-09-07,2075.510504624831
2025-09-08,1888.8327546125217
2025-09-09,1771.7264551849119
2025-09-10,1674.8329290311333
2025-09-11,1662.437790837117
2025-09-12,1851.9270776141884
2025-09-13,2012.0909428134146
2025-09-14,2032.446753458931
2025-09-15,1903.4187049960806
2025-09-16,1774.852386249028
2025-09-17,1687.7919565147286
2025-09-18,1660.3436260279227
